NCTId,Smoking_habit,CUI
NCT02264990,Current Smoker,C3241966
NCT02264990,Former Smoker,C0337671
NCT00126581,NULL,
NCT01404260,NULL,
NCT01415011,NULL,
NCT00799240,NULL,
NCT02679443,Never-smoker,C0337672
NCT00585377,NULL,
NCT04718012,NULL,
NCT00818441,NULL,
NCT01204697,NULL,
NCT02013206,NULL,
NCT00567359,NULL,
NCT01130753,NULL,
NCT01023828,Wood Smoke and Tobacco Smoking,C0453996
NCT01061788,NULL,
NCT00588445,NULL,
NCT01079481,,
NCT00807573,,
NCT00806286,,
NCT00268970,,
NCT00317200,,
NCT00005646,,
NCT00062010,,
NCT01057342,,
NCT00062179,,
NCT00687817,,
NCT01011075,,
NCT00540514,,
NCT00970580,,
NCT00005059,,
NCT00453167,,
NCT00003281,,
NCT02733250,,
NCT01171170,,
NCT00753909,,
NCT00004055,,
NCT00062062,,
NCT00832819,,
NCT01310244,,
NCT00243867,,
NCT01814163,,
NCT00666692,,
NCT01024062,,
NCT02525653,,
NCT00654758,,
NCT01196234,,
NCT01160601,,
NCT00735696,,
NCT01763671,,
NCT02551432,,
NCT00005032,,
NCT00487669,,
NCT00003299,,
NCT00077246,,
NCT02730247,,
NCT00278148,,
NCT00004126,,
NCT00005849,,
NCT00583830,,
NCT01836679,,
NCT00661193,,
NCT00686322,,
NCT01199055,,
NCT00752115,,
NCT00918203,,
NCT01757288,,
NCT00016315,,
NCT00245154,,
NCT00097227,,
NCT00004924,,
NCT02106546,,
NCT00795340,,
NCT02503358,,
NCT02279732,,
NCT01285609,,
NCT00986674,,
NCT00723957,,
NCT00006229,,
NCT00866528,,
NCT01560104,,
NCT00088556,,
NCT00602797,,
NCT00094835,,
NCT00578149,,
NCT01702844,,
NCT01364012,,
NCT00533585,,
NCT02038647,,
NCT00481078,,
NCT01165216,,
NCT00680940,,
NCT02367794,,
NCT02250326,,
NCT00002519,,
NCT00017407,,
NCT00642759,,
NCT00025389,,
NCT02264990,FormerSmoker,C0337671
NCT02264990,Current Smoker,C3241966
NCT00152477,,
NCT00006929,,
NCT00093756,,
NCT00603538,,
NCT01236716,,
NCT00347412,,
NCT00073723,,
NCT04672928,,
NCT00991796,,
NCT00408460,,
NCT00343291,,
NCT01519804,,
NCT00708812,,
NCT00318136,,
NCT00002969,,
NCT00034541,,
NCT00276588,,
NCT00003387,,
NCT03169335,,
NCT00674102,,
NCT01317615,,
NCT00729612,,
NCT00553462,,
NCT00510445,,
NCT00002972,,
NCT00527735,,
NCT00280150,,
NCT01225302,,
NCT01649947,,
NCT02392507,,
NCT00006469,,
NCT01763645,,
NCT00193362,,
NCT02309177,,
NCT02328105,,
NCT00079287,,
NCT00003117,,
NCT01620190,,
NCT01493843,,
NCT00147537,,
NCT00287989,,
NCT00085501,,
NCT00178256,,
NCT00003317,,
NCT00023673,,
NCT00096226,,
NCT00050960,,
NCT00600821,,
NCT00653939,,
NCT00974584,,
NCT00368992,,
NCT01820754,,
NCT00226590,,
NCT01069328,,
NCT00387374,,
NCT01540045,,
NCT01234038,,
NCT01769391,,
NCT00716534,,
NCT00874107,,
NCT00457119,,
NCT00020007,,
NCT01048645,,
NCT03092986,,
NCT00861627,,
NCT00534027,,
NCT00034346,,
NCT00533949,,
NCT02027428,,
NCT03594747,,
NCT00088088,,
NCT00004160,,
NCT00001499,,
NCT00274443,,
NCT02172846,,
NCT02429843,,
NCT00948675,,
NCT03296163,,
NCT02367781,,
NCT00655850,,
NCT01494558,,
NCT00087802,,
NCT01023347,,
NCT00495170,,
NCT01100931,,
NCT00004979,,
NCT00021333,,
NCT02151149,,
NCT00004011,,
NCT00006378,,
NCT00003235,,
NCT00081302,,
NCT04640935,,
NCT00003587,,
NCT02366143,,
NCT03780010,,
NCT00006484,,
NCT01107626,,
NCT02716038,,
NCT03573947,,
NCT00913705,,
NCT01366131,,
NCT00434135,,
NCT00003158,,
NCT01454102,,
NCT00702975,,
NCT00144053,,
NCT00005065,,
NCT02684461,,
NCT00832494,,
NCT00006012,,
NCT00113516,,
NCT00071188,,
NCT00898417,,
NCT00003881,,
NCT02182232,,
NCT00556088,,
NCT01862081,,
NCT00032032,,
NCT03196986,,
NCT00280787,,
NCT01486602,,
NCT00003072,,
NCT00563784,,
NCT01496742,,
NCT02364999,,
NCT00800202,,
NCT00998192,,
NCT00003089,,
NCT00252798,,
NCT00034164,,
NCT00979212,,
NCT00003812,,
NCT00033696,,
NCT02944396,,
NCT01085136,,
NCT00480831,,
NCT00874848,,
NCT00005806,,
NCT00043108,,
NCT02303977,,
NCT00004137,,
NCT01326767,,
NCT03095209,,
NCT01051934,,
NCT02754882,,
NCT00126581,FormerSmoker,C0337671
NCT00126581,Never Smoker,C0337672
NCT00126581,Light FormerSmoker,C3494627
NCT00900172,,
NCT02567799,,
NCT00049790,,
NCT00006004,,
NCT02220894,,
NCT03850444,,
NCT03099577,,
NCT00033410,,
NCT00762034,,
NCT00193310,,
NCT00040794,,
NCT00476216,,
NCT00033553,,
NCT00004202,,
NCT00259675,,
NCT00001450,,
NCT01966003,,
NCT01134250,,
NCT02810457,,
NCT02591615,,
NCT00002852,,
NCT00035152,,
NCT00085839,,
NCT02073968,,
NCT00003313,,
NCT02289456,,
NCT00025480,,
NCT00915005,,
NCT03366480,,
NCT01668108,,
NCT00564733,,
NCT00617409,,
NCT00021060,,
NCT00322452,,
NCT02470468,,
NCT02728492,,
NCT02069158,,
NCT00966914,,
NCT00074854,,
NCT01840579,,
NCT00828841,,
NCT02799862,,
NCT00828009,,
NCT00091039,,
NCT00550537,,
NCT00107250,,
NCT00174356,,
NCT00191256,,
NCT03128008,,
NCT00047736,,
NCT00756847,,
NCT03329911,,
NCT01850303,,
NCT00094861,,
NCT00003589,,
NCT00315185,,
NCT00070629,,
NCT01770795,,
NCT00738452,,
NCT05169801,,
NCT00112294,,
NCT00298415,,
NCT02720614,,
NCT02066103,,
NCT00199758,,
NCT00003569,,
NCT01099124,,
NCT00005838,,
NCT02041533,,
NCT00249964,,
NCT00508625,,
NCT00492206,,
NCT02492867,,
NCT00198367,,
NCT02039674,,
NCT00198354,,
NCT03840915,,
NCT00003943,,
NCT00028938,,
NCT03351361,,
NCT01066234,,
NCT01783197,,
NCT02142738,,
NCT01868022,,
NCT02193633,,
NCT01831089,,
NCT00117442,,
NCT01404260,NonSmoker,C0337672
NCT01404260,Former_Light_Smokers,C3494627
NCT00686959,,
NCT02273713,,
NCT00271505,,
NCT03322566,,
NCT00294762,,
NCT04144608,,
NCT00700180,,
NCT00770588,,
NCT01836575,,
NCT01892046,,
NCT00667641,,
NCT00546156,,
NCT04633564,,
NCT01209520,,
NCT03345810,,
NCT02064491,,
NCT02426281,,
NCT00313599,,
NCT00078390,,
NCT00101920,,
NCT00667147,,
NCT00019019,,
NCT01263886,,
NCT03432598,,
NCT02659059,,
NCT00216125,,
NCT00078845,,
NCT01243775,,
NCT05427305,,
NCT01026467,,
NCT00003111,,
NCT00466466,,
NCT02574078,,
NCT01216111,,
NCT02489903,,
NCT03986463,,
NCT00028535,,
NCT00531960,,
NCT02033551,,
NCT00003159,,
NCT02071862,,
NCT01957007,,
NCT00820755,,
NCT02881125,,
NCT00312728,,
NCT02805530,,
NCT04237090,,
NCT00309959,,
NCT02716311,,
NCT01999985,,
NCT02629523,,
NCT02440854,,
NCT02747953,,
NCT02364609,,
NCT04640870,,
NCT01415011,NonSmoker,C0337672
NCT01156545,,
NCT01647711,,
NCT02208843,,
NCT01953913,,
NCT04552535,,
NCT02191891,,
NCT02044380,,
NCT02625168,,
NCT01090011,,
NCT01523587,,
NCT00796549,,
NCT00711594,,
NCT00993499,,
NCT00656136,,
NCT04179890,,
NCT04750824,,
NCT02145637,,
NCT03370770,,
NCT03157089,,
NCT01074177,,
NCT01121393,,
NCT00525148,,
NCT01466660,,
NCT02514174,,
NCT02285361,,
NCT01880515,,
NCT02047903,,
NCT02131259,,
NCT02795156,,
NCT02369484,,
NCT02020577,,
NCT02506517,,
NCT01783587,,
NCT01169675,,
NCT05204758,,
NCT00949650,,
NCT04201756,,
NCT04031898,,
NCT02975752,,
NCT02847377,,
NCT01871805,,
NCT03271554,,
NCT01801111,,
NCT02604342,,
NCT02013219,,
NCT03155009,,
NCT03779191,,
NCT02450903,,
NCT04351334,,
NCT04979988,,
NCT04997382,,
NCT04647110,,
NCT00891579,,
NCT00111839,,
NCT00216203,,
NCT00528281,,
NCT00370292,,
NCT03366064,,
NCT02426658,,
NCT00227565,,
NCT01700400,,
NCT00234052,,
NCT00268489,,
NCT00434174,,
NCT00226577,,
NCT00744900,,
NCT00022646,,
NCT00095199,,
NCT00191191,,
NCT00372788,,
NCT00529100,,
NCT01126736,,
NCT00741221,,
NCT00871403,,
NCT00350792,,
NCT00982111,,
NCT00301808,,
NCT00387322,,
NCT01837329,,
NCT00942825,,
NCT00191308,,
NCT01000480,,
NCT00530621,,
NCT00660816,,
NCT00454194,,
NCT00407550,,
NCT00117962,,
NCT00614822,,
NCT00988858,,
NCT00906282,,
NCT00497315,,
NCT00410904,,
NCT00191750,,
NCT01784640,,
NCT02259582,,
NCT00440414,,
NCT00363415,,
NCT01723800,,
NCT01189968,,
NCT00380718,,
NCT00550173,NonSmoker,C0337672
NCT00482014,,
NCT01020786,,
NCT00508144,,
NCT00976456,,
NCT00269152,,
NCT00798603,,
NCT00698815,,
NCT01473563,,
NCT01139775,,
NCT00248495,,
NCT02185690,,
NCT00745875,,
NCT00497770,,
NCT00606021,,
NCT01442909,,
NCT03366766,,
NCT00799240,NonSmoker,C0337672
NCT00517595,,
NCT02657434,,
NCT00749346,,
NCT00771953,,
NCT00193414,,
NCT01232452,,
NCT00789373,,
NCT00391274,,
NCT01116219,,
NCT00533429,,
NCT00520676,,
NCT00061451,,
NCT00078260,,
NCT00102804,,
NCT00297089,,
NCT00389805,,
NCT01323062,,
NCT01204307,,
NCT01165021,,
NCT00867009,,
NCT01705184,,
NCT00409006,NonSmoker,C0337672
NCT00961415,,
NCT01344824,NonSmoker,C0337672
NCT00932893,,
NCT00308750,,
NCT00950365,,
NCT02409342,,
NCT00609518,,
NCT01042288,,
NCT00898820,,
NCT02578680,,
NCT00343720,,
NCT03950674,,
NCT00418886,,
NCT01783834,,
NCT00316225,,
NCT04012619,,
NCT01664754,,
NCT01017874,NonSmoker,C0337672
NCT01639001,,
NCT00330044,,
NCT00087711,,
NCT00402051,,
NCT00506051,,
NCT03256136,,
NCT00071136,,
NCT02309892,,
NCT03101579,,
NCT01005680,,
NCT01531790,,
NCT01004601,,
NCT01194453,,
NCT01829113,,
NCT00887549,,
NCT03526900,,
NCT00768755,,
NCT01631136,,
NCT00940069,,
NCT01193959,,
NCT00349089,,
NCT00994097,,
NCT02337530,,
NCT00684099,,
NCT00227019,,
NCT01666977,,
NCT02535325,,
NCT00190840,,
NCT01469000,,
NCT00227539,,
NCT00456261,,
NCT00540241,,
NCT00892710,,
NCT00408226,,
NCT01664533,,
NCT00061464,,
NCT00489983,,
NCT04843007,,
NCT03655834,,
NCT00051493,,
NCT00103831,,
NCT02182102,,
NCT01154140,,
NCT00614965,,
NCT01565538,,
NCT01185847,,
NCT02211833,,
NCT03607149,,
NCT01336842,,
NCT03664024,,
NCT03663205,,
NCT01588704,,
NCT01443078,,
NCT03472053,,
NCT00556322,,
NCT01296113,,
NCT02964689,,
NCT01263782,,
NCT00447057,,
NCT01708993,,
NCT00251524,,
NCT01160744,,
NCT01102231,,
NCT02639091,,
NCT00284778,,
NCT01544179,,
NCT01781988,,
NCT00095225,,
NCT01395758,,
NCT01004250,,
NCT00051506,,
NCT03607539,,
NCT00835471,,
NCT04507217,,
NCT02439450,,
NCT03537833,,
NCT02603003,,
NCT01958372,,
NCT02900742,,
NCT01059552,,
NCT00577707,,
NCT03380871,,
NCT03513666,,
NCT00703976,,
NCT00743379,,
NCT00619424,,
NCT03134872,,
NCT02864251,,
NCT01351415,,
NCT01257139,,
NCT02679443,,
NCT00034606,,
NCT00824408,,
NCT01063283,,
NCT00560573,,
NCT01769066,,
NCT05908799,,
NCT00806819,,
NCT01809210,,
NCT02498860,,
NCT04452214,,
NCT01454934,,
NCT02347917,,
NCT03544814,,
NCT00528619,,
NCT02049060,,
NCT01982955,,
NCT03083808,,
NCT02129699,,
NCT02120807,,
NCT00315861,,
NCT02723578,,
NCT01590160,,
NCT03507244,,
NCT02079636,,
NCT01172028,,
NCT00916630,,
NCT01719536,,
NCT01490437,,
NCT02148380,,
NCT01003964,,
NCT01655225,,
NCT03562871,,
NCT00860015,,
NCT00775385,,
NCT01067794,,
NCT03353675,,
NCT02045446,,
NCT03304093,,
NCT00703638,,
NCT02980991,,
NCT01951586,,
NCT00005636,,
NCT02308020,,
NCT03922997,,
NCT02848651,,
NCT02008227,,
NCT02031458,,
NCT01903993,,
NCT04636762,,
NCT03014648,,
NCT03559647,,
NCT01846416,,
NCT02994576,,
NCT03801304,,
NCT02763579,,
NCT03438318,,
NCT05055999,,
NCT05055908,,
NCT05055947,,
NCT04028050,,
NCT03023423,,
NCT02463994,,
NCT04059887,,
NCT03645330,,
NCT04426825,,
NCT03059667,,
NCT03285763,,
NCT04920981,,
NCT02813785,,
NCT06049966,,
NCT03321695,,
NCT03790397,,
NCT03911219,,
NCT02825940,,
NCT02666105,,
NCT02174172,,
NCT03526887,,
NCT03232593,,
NCT03926260,,
NCT03035890,,
NCT02523469,,
NCT02876510,,
NCT02403271,,
NCT02054052,,
NCT00217282,,
NCT00698516,,
NCT00193375,,
NCT02803203,,
NCT00930891,,
NCT00741195,,
NCT00755170,,
NCT00403403,,
NCT00356122,,
NCT00541099,,
NCT00451906,,
NCT00675597,,
NCT00323869,,
NCT00970684,,
NCT01562028,,
NCT00425646,,
NCT00309998,,
NCT00118235,,
NCT00387699,,
NCT00365547,,
NCT00367601,,
NCT00445848,NonSmoker,C0337672
NCT00079040,,
NCT00130780,,
NCT04345146,,
NCT01661790,,
NCT00354549,,
NCT02959749,,
NCT02596958,,
NCT00130728,,
NCT00661778,,
NCT00553800,,
NCT00741988,,
NCT01934465,,
NCT01047059,,
NCT00308529,,
NCT00633529,,
NCT01262820,,
NCT00773188,,
NCT00257608,,
NCT02316327,,
NCT03170284,,
NCT01995188,,
NCT00250978,,
NCT01532089,,
NCT04257864,,
NCT00294931,,
NCT01077713,,
NCT01137968,,
NCT00621049,,
NCT01333007,,
NCT00436332,,
NCT00585377,NonSmoker,C0337672
NCT00400803,,
NCT00620971,,
NCT00101348,,
NCT01358942,,
NCT00776698,,
NCT00708448,,
NCT01368848,,
NCT01893268,,
NCT01963351,,
NCT00806923,,
NCT01343914,,
NCT00536640,,
NCT02745691,,
NCT01598597,,
NCT02835833,,
NCT00388206,,
NCT00043823,,
NCT01827852,,
NCT05110118,,
NCT00734890,,
NCT00588666,,
NCT00923936,,
NCT03959137,,
NCT00973557,,
NCT01931098,,
NCT03321513,,
NCT05476341,,
NCT02272413,,
NCT01588184,,
NCT00027703,,
NCT02737501,,
NCT02094573,,
NCT03410108,,
NCT04718012,NonSmoker,C0337672
NCT04887519,,
NCT03420742,,
NCT01449461,,
NCT00469898,,
NCT01004731,,
NCT00883675,,
NCT00280735,,
NCT00387660,,
NCT01331525,,
NCT00061919,,
NCT02499770,,
NCT01082549,,
NCT00683904,,
NCT00074204,,
NCT00737867,,
NCT00104793,,
NCT00874419,,
NCT00881296,,
NCT00326599,,
NCT00912392,,
NCT00004096,,
NCT00430651,,
NCT00042978,,
NCT01076504,,
NCT00097214,,
NCT00072527,,
NCT00449020,,
NCT02289690,,
NCT00927875,,
NCT00075751,,
NCT00695292,,
NCT00316186,,
NCT00004201,,
NCT04902885,,
NCT00682981,,
NCT00856830,,
NCT00041054,,
NCT00240097,,
NCT00247416,,
NCT01987232,,
NCT00647426,,
NCT01466647,,
NCT03066778,,
NCT00433498,,
NCT01683682,,
NCT00190710,,
NCT00305942,,
NCT01652820,,
NCT00070486,,
NCT00017251,,
NCT00826852,,
NCT00042679,,
NCT00717938,,
NCT00599755,,
NCT00041314,,
NCT00094822,,
NCT00321334,,
NCT01439568,,
NCT00025272,,
NCT00687297,,
NCT00028925,,
NCT00463515,,
NCT00052338,,
NCT00453154,,
NCT00251498,,
NCT00025285,,
NCT00193349,,
NCT00516022,,
NCT00423449,,
NCT00870870,,
NCT05026593,,
NCT01266512,,
NCT01450761,,
NCT00258739,,
NCT00212043,,
NCT00132665,,
NCT00002822,,
NCT00887783,,
NCT00791154,,
NCT00883779,,
NCT00193427,,
NCT00264498,,
NCT00153803,,
NCT00499109,,
NCT01648517,,
NCT00600587,,
NCT00446225,,
NCT00004186,,
NCT00401609,,
NCT00215930,,
NCT04449861,,
NCT00138658,,
NCT00049218,,
NCT00191230,,
NCT00413283,,
NCT00002623,,
NCT00695994,,
NCT04712903,,
NCT04870112,,
NCT00086268,,
NCT02175381,,
NCT01998919,,
NCT00759824,,
NCT00606502,,
NCT00068289,,
NCT03717155,,
NCT00003860,,
NCT02945852,,
NCT02292550,,
NCT02299505,,
NCT01772797,,
NCT01685138,,
NCT02040870,,
NCT02276027,,
NCT01685060,,
NCT02336451,,
NCT02422589,,
NCT02605746,,
NCT01712217,,
NCT01300429,,
NCT01579994,,
NCT03088930,,
NCT00965731,,
NCT00932451,,
NCT01121575,,
NCT01998126,,
NCT01970865,,
NCT02183870,,
NCT01945021,,
NCT02679170,,
NCT03718117,,
NCT01597258,,
NCT05014464,,
NCT02727335,,
NCT02372448,,
NCT05792644,,
NCT01744652,,
NCT00585195,,
NCT01752400,,
NCT02718651,,
NCT02042105,,
NCT01703091,,
NCT02789345,,
NCT01168973,,
NCT02443324,,
NCT02572687,,
NCT05800418,,
NCT02082210,,
NCT04775095,,
NCT01336634,,
NCT03755102,,
NCT04511533,,
NCT01858389,,
NCT01360554,,
NCT00769067,,
NCT01774721,,
NCT01000025,,
NCT01465802,,
NCT00553254,,
NCT00548093,,
NCT00818441,NonSmoker,C0337672
NCT00818441,Former_Light_Smokers,C3494627
NCT00728390,,
NCT01608022,,
NCT00030407,,
NCT00260026,,
NCT00103389,,
NCT00075374,,
NCT03798743,,
NCT00030420,,
NCT01362400,,
NCT02658747,,
NCT00582634,,
NCT00995761,,
NCT01824901,,
NCT00003900,,
NCT01107444,,
NCT03394105,,
NCT00064012,,
NCT00193453,,
NCT03095612,,
NCT00003762,,
NCT02358473,,
NCT00532155,,
NCT02364362,,
NCT00231465,,
NCT00405951,,
NCT01138163,,
NCT01905657,,
NCT00278460,,
NCT00312377,,
NCT01642004,,
NCT00544960,,
NCT00222144,,
NCT00114192,,
NCT01350817,,
NCT02531737,,
NCT00201825,,
NCT00005868,,
NCT00281970,,
NCT00004139,,
NCT01362296,,
NCT00132639,,
NCT00390429,,
NCT00227708,,
NCT00173888,,
NCT02283320,,
NCT00080080,,
NCT00062439,,
NCT00148291,,
NCT01750281,,
NCT00434668,,
NCT00193245,,
NCT01951157,,
NCT00293085,,
NCT00441922,,
NCT01083589,,
NCT00026156,,
NCT00193323,,
NCT00840125,,
NCT02450539,,
NCT00630110,,
NCT00362882,,
NCT00310154,,
NCT00065182,,
NCT00425191,,
NCT00040885,,
NCT00074022,,
NCT04144582,,
NCT01671332,,
NCT00073385,,
NCT00066768,,
NCT00076388,,
NCT01999673,,
NCT00876460,,
NCT03371550,,
NCT02864394,,
NCT02574598,,
NCT00931008,,
NCT00441740,,
NCT00191139,,
NCT01673867,,
NCT02395172,,
NCT01652469,,
NCT01577654,,
NCT00118183,,
NCT00077311,,
NCT02179671,,
NCT00102505,,
NCT02300298,,
NCT00418704,,
NCT03449901,,
NCT00819728,,
NCT01605916,,
NCT03647488,,
NCT01207011,,
NCT00003037,,
NCT00139711,,
NCT00771563,,
NCT00050674,,
NCT00132379,,
NCT00327288,,
NCT00073866,,
NCT00047801,,
NCT01222312,,
NCT00890825,,
NCT00097851,,
NCT02504489,,
NCT00051974,,
NCT01059188,,
NCT00059943,,
NCT00712504,,
NCT00805194,,
NCT00085826,,
NCT01204697,FormerSmoker,C0337671
NCT00326378,,
NCT01792479,,
NCT00066885,,
NCT03150875,,
NCT01557959,,
NCT00049998,,
NCT00174772,,
NCT00167401,,
NCT00252707,,
NCT00086333,,
NCT02965378,,
NCT02785939,,
NCT00174629,,
NCT00319514,,
NCT00424853,,
NCT00191490,,
NCT00256789,,
NCT02364804,,
NCT00478049,,
NCT01038661,,
NCT02577341,,
NCT00945451,,
NCT02766335,,
NCT01497925,,
NCT00051571,,
NCT00047840,,
NCT00673738,,
NCT00963807,,
NCT00020709,,
NCT00850785,,
NCT00622349,,
NCT02972216,,
NCT00003231,,
NCT03547804,,
NCT00062270,,
NCT00406302,,
NCT00072618,,
NCT01240447,,
NCT00432315,,
NCT00478699,,
NCT01204099,,
NCT03017885,,
NCT02088515,,
NCT00030810,,
NCT00682383,,
NCT00295672,,
NCT00985855,,
NCT05553808,,
NCT00069160,,
NCT00883480,,
NCT01561456,,
NCT02573506,,
NCT00003565,,
NCT01614002,,
NCT00002901,,
NCT01015963,,
NCT03900117,,
NCT02740985,,
NCT00092001,,
NCT00880334,,
NCT00183794,,
NCT00067548,,
NCT00183872,,
NCT00533533,,
NCT00183742,,
NCT00257348,,
NCT01780181,,
NCT04345900,,
NCT03102606,,
NCT05137067,,
NCT00471432,,
NCT02154490,,
NCT00509457,,
NCT01852578,,
NCT00120939,,
NCT00014456,,
NCT00080041,,
NCT03659578,,
NCT00049296,,
NCT03358563,,
NCT04713462,,
NCT00003103,,
NCT00096707,,
NCT02671422,,
NCT02595450,,
NCT01101334,,
NCT00462995,,
NCT00547105,,
NCT00416650,,
NCT00275132,,
NCT01967095,,
NCT00370383,,
NCT01211483,,
NCT00702182,,
NCT00854308,,
NCT00590902,,
NCT00826449,,
NCT00408499,,
NCT00283244,,
NCT00391248,,
NCT00137800,,
NCT01667562,,
NCT00100854,,
NCT02424617,,
NCT01487265,,
NCT01911507,,
NCT00855894,,
NCT00072631,,
NCT01230710,,
NCT01027598,,
NCT00453362,,
NCT01342965,,
NCT01260181,,
NCT00602433,,
NCT00777309,,
NCT00085280,,
NCT02013206,FormerSmoker,C0337671
NCT01287754,,
NCT00452413,,
NCT01069757,,
NCT00536861,,
NCT00871923,,
NCT01456325,,
NCT01836133,,
NCT01866410,,
NCT00411632,,
NCT00585533,,
NCT01302808,,
NCT00701558,,
NCT00997334,,
NCT00609804,,
NCT01104155,,
NCT00816868,,
NCT00778167,,
NCT00125372,,
NCT00088959,FormerSmoker,C0337671
NCT00600015,,
NCT01199068,,
NCT00373425,,
NCT00062101,,
NCT01378962,,
NCT00949910,,
NCT00072072,,
NCT00349219,,
NCT00673569,,
NCT00596648,,
NCT01839955,,
NCT01545947,,
NCT00581789,,
NCT00444015,,
NCT01378598,,
NCT01068587,,
NCT00125359,,
NCT01887886,,
NCT02133508,,
NCT01229150,,
NCT00518011,,
NCT01196078,,
NCT00265317,,
NCT01522833,,
NCT01161173,,
NCT00364351,,
NCT00888511,,
NCT00419042,,
NCT00091663,,
NCT02031744,,
NCT00200395,,
NCT01328951,,
NCT01250119,,
NCT00499655,,
NCT00983307,,
NCT02507375,,
NCT00994123,,
NCT01310036,,
NCT01294306,,
NCT00087412,,
NCT01859026,,
NCT01153984,,
NCT00567359,NonSmoker,C0337672
NCT00456833,,
NCT01123460,,
NCT00652340,,
NCT01221077,,
NCT00654420,,
NCT00321815,,
NCT00473083,,
NCT01183858,CurrentSmoker,C3241966
NCT01251796,,
NCT00531934,,
NCT00570401,,
NCT00457392,,
NCT00410059,,
NCT01259089,,
NCT01996332,,
NCT00036647,,
NCT00230126,,
NCT01130753,NonSmoker,C0337672
NCT01580735,,
NCT00569114,,
NCT00717847,,
NCT01372384,,
NCT00300586,,
NCT00294736,CurrentSmoker,C3241966
NCT00305617,,
NCT01174563,,
NCT01194050,,
NCT02000531,,
NCT01535729,,
NCT00385996,,
NCT02774278,,
NCT01488331,,
NCT00556712,,
NCT00615758,,
NCT01233687,,
NCT01723878,,
NCT00897533,,
NCT00729742,,
NCT01721252,,
NCT01951755,,
NCT01659970,,
NCT01066884,,
NCT00063895,,
NCT01167244,,
NCT00777699,,
NCT02155465,,
NCT01887795,,
NCT02450591,,
NCT01024413,,
NCT01594398,,
NCT00397384,,
NCT00779389,,
NCT01556191,,
NCT01248247,,
NCT01790217,,
NCT02942095,,
NCT00718315,,
NCT00602030,,
NCT01900652,,
NCT00642473,,
NCT01609543,,
NCT00975182,,
NCT00692640,,
NCT00732810,,
NCT01573702,,
NCT01512420,,
NCT00522145,,
NCT00966472,,
NCT00137839,,
NCT00738751,,
NCT01416688,,
NCT00716456,,
NCT01402089,,
NCT01217619,,
NCT00743938,,
NCT01523340,,
NCT01593995,,
NCT03653546,,
NCT01186861,,
NCT03595644,,
NCT00284141,,
NCT04145570,,
NCT00266877,,
NCT01610336,,
NCT01023828,,
NCT02157883,,
NCT00977548,,
NCT03076164,,
NCT00579683,,
NCT00910676,,
NCT02759835,,
NCT00955149,,
NCT01570296,,
NCT01514877,,
NCT00124280,,
NCT05934461,,
NCT01287546,,
NCT00030498,,
NCT02043002,,
NCT02889692,,
NCT02293733,,
NCT01854034,,
NCT00039182,,
NCT00739453,,
NCT02040064,,
NCT00374140,,
NCT00096486,,
NCT01427946,,
NCT01563354,,
NCT00933777,,
NCT00955773,,
NCT00401778,,
NCT01470209,,
NCT01061788,NonSmoker,C0337672
NCT02890069,,
NCT01349296,,
NCT00655655,,
NCT01978171,,
NCT00770120,,
NCT01524783,,
NCT05255133,,
NCT01324492,,
NCT01024946,,
NCT00372515,,
NCT00173875,,
NCT02804776,,
NCT00452244,,
NCT00411047,,
NCT00068653,,
NCT01513174,,
NCT01037998,,
NCT00217698,,
NCT00068497,,
NCT03157310,,
NCT00193336,,
NCT01498562,,
NCT00328562,,
NCT00255489,,
NCT00188617,,
NCT00162318,,
NCT00049543,,
NCT00103051,,
NCT01130961,,
NCT00298688,,
NCT00144066,,
NCT01039948,,
NCT00080340,,
NCT00238251,,
NCT02976116,,
NCT02088112,,
NCT00029003,,
NCT01040780,,
NCT01530334,,
NCT00824746,,
NCT00238628,,
NCT02374645,,
NCT00588445,NonSmoker,C0337672
NCT02025114,,
NCT00034879,,
NCT00357734,,
NCT00256711,,
NCT01017679,,
NCT01818947,,
NCT02740894,,
NCT01864681,,
NCT01203917,,
NCT00333294,,
NCT00807066,,
NCT01000740,,
NCT00455936,NonSmoker,C0337672
NCT01448187,,
NCT01933347,,
NCT01833572,,
NCT00344773,,
NCT00608868,,
NCT00259064,,
NCT01103089,,
NCT00252759,,
NCT00059722,,
NCT00820417,,
NCT00198380,,
NCT00898924,,
NCT00025207,,
NCT02475720,,
NCT00016367,,
NCT00191763,,
NCT01797913,,
NCT00003202,,
NCT00192036,,
NCT00154739,,
NCT01844791,,
NCT01788566,,
NCT00064064,,
NCT00077350,,
NCT00055757,,
NCT00005093,,
NCT00112346,,
NCT00077415,,
NCT00753714,,
NCT01086254,,
NCT01633645,,
NCT00449033,,
NCT01763788,,
NCT00005972,,
NCT00330746,,
NCT00191620,,
NCT00489996,,
NCT00305786,,
NCT00057798,,
NCT00182806,,
NCT00735904,,
NCT00401492,,
NCT00496275,,
NCT00069875,,
NCT00191126,,
NCT00004199,,
NCT00792701,,
NCT00283478,,
NCT00030433,,
NCT01810367,,
NCT00034268,,
NCT00490659,,
NCT01631357,,
NCT00385606,,
NCT00005850,,
NCT00193921,,
NCT00678977,,
NCT00191841,,
NCT00842712,,
NCT03629925,,
NCT00271271,,
NCT02449122,,
NCT01243632,,
NCT00003744,,
NCT00004095,,
NCT00620295,,
NCT01324258,,
NCT00733850,,
NCT00350961,,
NCT00415818,,
NCT00522886,,
NCT00019513,,
NCT04487457,,
NCT00148395,,
NCT00343408,,
NCT01606748,,
NCT02991482,,
NCT00003723,,
NCT00017186,,
NCT01352962,,
NCT02797977,,
NCT02240238,,
NCT03102320,,
NCT01325558,,
NCT01737502,,
NCT00068549,,
NCT03693300,,
NCT05933044,,
NCT04667312,,
NCT03373760,,
NCT02898116,,
NCT03818776,,
NCT02879617,,
NCT03853187,,
NCT02701400,,
NCT02904954,,
NCT03794544,,
NCT02000947,,
NCT03085849,,
NCT04285866,,
NCT03164772,,
NCT02454933,,
NCT04884269,,
NCT04854590,,
NCT03095274,,
NCT03643484,,
NCT03094286,,
NCT03732664,,
NCT05792995,,
NCT04545658,,
NCT02318277,,
NCT02658214,,
NCT02586987,,
NCT01693562,,
NCT03217071,,
NCT05226728,,
NCT03322540,,
NCT02007070,,
NCT02835690,,
NCT02879994,,
NCT02879760,,
NCT02575404,,
NCT03371979,,
NCT03197467,,
NCT02840994,,
NCT02760225,,
NCT02451930,,
NCT03302234,,
NCT02359019,,
NCT03307759,,
NCT02437136,,
NCT02448303,,
NCT02085070,,
NCT01295827,,
NCT02492568,,
NCT05023837,,
NCT02475213,,
NCT05740501,,
NCT03308942,,
NCT02343952,,
NCT03224871,,
NCT04793815,,
NCT03473925,,
NCT04076228,,
NCT02501096,,
NCT02646748,,
NCT02563548,,
NCT02043665,,
NCT03948763,,
NCT02713529,,
NCT05321212,,
NCT03825510,,
NCT03006887,,
NCT03184571,,
NCT04879316,,
NCT02939651,,
NCT02509507,,
NCT03426891,,
NCT03775850,,
NCT02938624,,
NCT02122861,,
NCT03849469,,
NCT05059951,,
NCT03329950,,
NCT05711914,,
NCT03229278,,
NCT04383938,,
NCT04037462,,
NCT03861793,,
NCT02909452,,
NCT03633110,,
NCT05129462,,
NCT03140137,,
NCT02528357,,
NCT02178722,,
NCT02903914,,
NCT04148937,,
NCT03085914,,
NCT04541706,,
NCT05167500,,
NCT03727477,,
NCT04541407,,
NCT03704688,,
NCT02900664,,
NCT01938443,,
NCT03520842,,
NCT05796726,,
NCT05154344,,
NCT02385110,,
NCT01183065,,
NCT00215046,,
NCT03839537,,
NCT02648724,,
NCT00051311,,
NCT01188798,,
NCT00003553,,
NCT00354393,,
NCT01056614,,
NCT01951885,,
NCT00003838,,
NCT02345850,,
NCT00343785,,
NCT03699631,,
NCT00001256,,
NCT00445744,,
NCT00860574,,
NCT00448201,,
NCT01664910,,
NCT03652857,,
NCT02709720,,
NCT00008333,,
NCT00165334,,
NCT00870532,,
NCT00002583,,
NCT00005865,,
NCT00287963,,
NCT00017459,,
NCT03117335,,
NCT02176369,,
NCT01124253,,
NCT01109524,,
NCT00148798,,
NCT00253591,,
NCT00309972,,
NCT01839032,,
NCT02619929,,
NCT00683514,,
NCT02497118,,
NCT00890903,,
NCT02555007,,
NCT01029678,,
NCT01118676,,
NCT01684111,,
NCT00540982,,
NCT00014430,,
NCT01687439,,
NCT01848613,,
NCT00050973,,
NCT00278070,,
NCT00312819,,
NCT02139904,,
NCT00256815,,
NCT00432562,,
NCT00001944,,
NCT00002823,,
NCT01155258,,
NCT01441752,,
NCT02411591,,
NCT03433534,,
NCT03382496,,
NCT02538666,,
NCT03325816,,
NCT03090737,,
NCT03195491,,
NCT01721759,,
NCT03001882,,
NCT02409368,,
NCT02713867,,
NCT03132493,,
NCT03273790,,
NCT02823990,,
NCT02869789,,
NCT02066636,,
NCT02481830,,
NCT03215810,,
NCT02434081,,
NCT03262779,,
NCT03804554,,
NCT02423343,,
NCT04858204,,
NCT03123783,,
NCT02897765,,
NCT02954991,,
NCT03468985,,
NCT03486119,,
NCT02350764,,
NCT01928576,,
NCT02933346,,
NCT02247349,,
NCT04749602,,
NCT02939300,,
NCT03444766,,
NCT03181308,,
NCT03326752,,
NCT00441337,,
NCT04507906,,
NCT04082988,,
NCT03190174,,
NCT03639714,,
NCT04470440,,
NCT02327078,,
NCT02658890,,
NCT03098550,,
NCT03044626,,
NCT04122625,,
NCT03735628,,
NCT02684253,,
NCT03226756,,
NCT04159025,,
NCT03636477,,
NCT02973113,,
NCT02526017,,
NCT05041062,,
NCT00730639,,
NCT02582125,,
NCT02175017,,
NCT03953235,,
NCT02983045,,
NCT02946671,,
NCT03758781,,
NCT03829436,,
NCT03241173,,
NCT03434418,,
NCT02769286,,
NCT02228369,,
NCT03455829,,
NCT03853551,,
NCT04479306,,
NCT02163733,,
NCT03810066,,
NCT02317016,,
NCT03858491,,
NCT02474355,,
NCT03450330,,
NCT04546282,,
NCT02841579,,
NCT02197247,,
NCT03457220,,
NCT02908750,,
NCT02777567,,
NCT03137264,,
NCT04959981,,
NCT03463525,,
NCT03485326,,
NCT03219970,,
NCT03133234,,
NCT02997501,,
NCT03446417,,
NCT02224053,,
NCT02491944,,
NCT02529995,,
NCT02756039,,
